{
    "Point": [
        {
            "name": "C",
            "y": 8.70922427844025,
            "x": 14.417727521320398
        },
        {
            "name": "O",
            "y": 6.757638321633427,
            "x": 18.491381195542463
        },
        {
            "name": "D",
            "y": 9.023214573212384,
            "x": 11.570187339252133
        }
    ],
    "Segment": [
        {
            "first_end": {
                "name": "D",
                "y": 9.023214573212384,
                "x": 11.570187339252133
            },
            "second_end": {
                "name": "C",
                "y": 8.70922427844025,
                "x": 14.417727521320398
            }
        }
    ]
}