{
    "Point": [
        {
            "name": "C",
            "x": 0.36474124156087595,
            "y": 0.6421144880896095
        },
        {
            "name": "D",
            "x": 0.8544227552412367,
            "y": 0.834217236517597
        },
        {
            "name": "O",
            "x": 0.6293399416125912,
            "y": 0.6782522588966478
        }
    ],
    "Segment": [
        {
            "first_end": {
                "name": "C",
                "x": 0.36474124156087595,
                "y": 0.6421144880896095
            },
            "second_end": {
                "name": "D",
                "x": 0.8544227552412367,
                "y": 0.834217236517597
            }
        }
    ]
}