{
    "Segment": [
        {
            "first_end": {
                "name": "D",
                "y": 0.6421144880896095,
                "x": 0.36474124156087595
            },
            "second_end": {
                "name": "C",
                "y": 0.834217236517597,
                "x": 0.8544227552412367
            }
        }
    ],
    "Point": [
        {
            "name": "D",
            "y": 0.6421144880896095,
            "x": 0.36474124156087595
        },
        {
            "name": "C",
            "y": 0.834217236517597,
            "x": 0.8544227552412367
        },
        {
            "name": "O",
            "y": 0.6782522588966478,
            "x": 0.6293399416125912
        }
    ]
}