{
    "Segment": [
        {
            "second_end": {
                "name": "C",
                "x": 0.1999824750256185,
                "y": 0.33157315190129266
            },
            "first_end": {
                "name": "D",
                "x": 0.2980364063771078,
                "y": 0.4083403639616925
            }
        }
    ],
    "Point": [
        {
            "name": "D",
            "x": 0.2980364063771078,
            "y": 0.4083403639616925
        },
        {
            "name": "C",
            "x": 0.1999824750256185,
            "y": 0.33157315190129266
        },
        {
            "name": "O",
            "x": 0.301152419431143,
            "y": 0.9428825083496697
        }
    ]
}